iter	RMSE
0	0.1697270636
1000	0.1055203622
2000	0.0803512268
3000	0.06965184671
4000	0.06448656418
5000	0.0615582305
6000	0.05961939622
7000	0.05805867319
8000	0.05676756917
